{"cameraMode":{"drawMode":0,"name":"Shaded","section":"Shading Mode"},"sceneLighting":true,"audioPlay":false,"sceneViewState":{"m_AlwaysRefresh":false,"showFog":true,"showSkybox":true,"showFlares":true,"showImageEffects":true,"showParticleSystems":true,"showVisualEffectGraphs":true,"m_FxEnabled":true},"in2DMode":false,"pivot":{"x":3.7670085430145265,"y":-37.479896545410159,"z":0.8539857864379883},"rotation":{"x":-0.7300203442573547,"y":0.02907884679734707,"z":-0.031109681352972986,"w":-0.6821138262748718},"size":20.84612464904785,"orthographic":false}